src,label,Grag2021_progan,Grag2021_latent
latent-diffusion_noise2image_FFHQ/latent-diffusion_noise2img-ffhq256_sample_000000.png,True,3.2638378143310547,25.902921676635742
latent-diffusion_noise2image_FFHQ/latent-diffusion_noise2img-ffhq256_sample_000003.png,True,-0.31332817673683167,31.228069305419922
latent-diffusion_noise2image_FFHQ/latent-diffusion_noise2img-ffhq256_sample_000008.png,True,-2.746746778488159,27.026538848876953
latent-diffusion_noise2image_FFHQ/latent-diffusion_noise2img-ffhq256_sample_00001.png,True,-4.274950981140137,23.896900177001953
latent-diffusion_noise2image_FFHQ/latent-diffusion_noise2img-ffhq256_sample_000018.png,True,-2.773540735244751,21.851072311401367
latent-diffusion_noise2image_FFHQ/latent-diffusion_noise2img-ffhq256_sample_000019.png,True,-2.7856833934783936,25.69375991821289
latent-diffusion_noise2image_FFHQ/latent-diffusion_noise2img-ffhq256_sample_000021.png,True,0.3202378749847412,31.73841094970703
latent-diffusion_noise2image_FFHQ/latent-diffusion_noise2img-ffhq256_sample_000023.png,True,6.90070915222168,28.0015869140625
latent-diffusion_noise2image_FFHQ/latent-diffusion_noise2img-ffhq256_sample_000024.png,True,-0.23110830783843994,27.52468490600586
latent-diffusion_noise2image_FFHQ/latent-diffusion_noise2img-ffhq256_sample_000026.png,True,-8.658868789672852,28.080045700073242
latent-diffusion_noise2image_FFHQ/latent-diffusion_noise2img-ffhq256_sample_000028.png,True,-3.560856342315674,22.68381118774414
latent-diffusion_noise2image_FFHQ/latent-diffusion_noise2img-ffhq256_sample_000031.png,True,-0.1652483344078064,32.30900573730469
latent-diffusion_noise2image_FFHQ/latent-diffusion_noise2img-ffhq256_sample_000032.png,True,-2.3429207801818848,29.454607009887695
latent-diffusion_noise2image_FFHQ/latent-diffusion_noise2img-ffhq256_sample_000035.png,True,-0.04903411865234375,25.118745803833008
latent-diffusion_noise2image_FFHQ/latent-diffusion_noise2img-ffhq256_sample_000036.png,True,0.6990034580230713,22.561344146728516
latent-diffusion_noise2image_FFHQ/latent-diffusion_noise2img-ffhq256_sample_000037.png,True,-3.1664257049560547,34.345558166503906
latent-diffusion_noise2image_FFHQ/latent-diffusion_noise2img-ffhq256_sample_000038.png,True,-2.803299903869629,32.40763473510742
latent-diffusion_noise2image_FFHQ/latent-diffusion_noise2img-ffhq256_sample_000039.png,True,-1.066143274307251,35.97920608520508
latent-diffusion_noise2image_FFHQ/latent-diffusion_noise2img-ffhq256_sample_000040.png,True,0.16487455368041992,28.985578536987305
latent-diffusion_noise2image_FFHQ/latent-diffusion_noise2img-ffhq256_sample_000041.png,True,-4.9098405838012695,32.49302291870117
latent-diffusion_noise2image_FFHQ/latent-diffusion_noise2img-ffhq256_sample_000042.png,True,-2.6950416564941406,24.991806030273438
latent-diffusion_noise2image_FFHQ/latent-diffusion_noise2img-ffhq256_sample_000044.png,True,-1.0125088691711426,26.133638381958008
latent-diffusion_noise2image_FFHQ/latent-diffusion_noise2img-ffhq256_sample_000045.png,True,-3.5615079402923584,25.133621215820312
latent-diffusion_noise2image_FFHQ/latent-diffusion_noise2img-ffhq256_sample_000047.png,True,4.706336975097656,27.433202743530273
latent-diffusion_noise2image_FFHQ/latent-diffusion_noise2img-ffhq256_sample_000050.png,True,-0.24007844924926758,31.057331085205078
latent-diffusion_noise2image_FFHQ/latent-diffusion_noise2img-ffhq256_sample_000051.png,True,0.40436431765556335,24.185033798217773
latent-diffusion_noise2image_FFHQ/latent-diffusion_noise2img-ffhq256_sample_000053.png,True,-4.390230178833008,28.30584144592285
latent-diffusion_noise2image_FFHQ/latent-diffusion_noise2img-ffhq256_sample_000055.png,True,-0.7704082131385803,30.778451919555664
latent-diffusion_noise2image_FFHQ/latent-diffusion_noise2img-ffhq256_sample_000058.png,True,-3.567403793334961,27.8388671875
latent-diffusion_noise2image_FFHQ/latent-diffusion_noise2img-ffhq256_sample_000059.png,True,-3.471309185028076,29.77898597717285
latent-diffusion_noise2image_FFHQ/latent-diffusion_noise2img-ffhq256_sample_000061.png,True,1.0071076154708862,32.2965087890625
latent-diffusion_noise2image_FFHQ/latent-diffusion_noise2img-ffhq256_sample_000063.png,True,0.9808774590492249,25.877864837646484
latent-diffusion_noise2image_FFHQ/latent-diffusion_noise2img-ffhq256_sample_000064.png,True,-0.8711776733398438,34.425018310546875
latent-diffusion_noise2image_FFHQ/latent-diffusion_noise2img-ffhq256_sample_000066.png,True,3.799801826477051,36.330078125
latent-diffusion_noise2image_FFHQ/latent-diffusion_noise2img-ffhq256_sample_000067.png,True,1.5496735572814941,31.175039291381836
latent-diffusion_noise2image_FFHQ/latent-diffusion_noise2img-ffhq256_sample_000068.png,True,-4.553651332855225,33.27421951293945
latent-diffusion_noise2image_FFHQ/latent-diffusion_noise2img-ffhq256_sample_000069.png,True,3.9960503578186035,34.00951385498047
latent-diffusion_noise2image_FFHQ/latent-diffusion_noise2img-ffhq256_sample_000070.png,True,3.51949143409729,30.152090072631836
latent-diffusion_noise2image_FFHQ/latent-diffusion_noise2img-ffhq256_sample_000071.png,True,-2.404677152633667,27.758983612060547
latent-diffusion_noise2image_FFHQ/latent-diffusion_noise2img-ffhq256_sample_000072.png,True,-6.435606002807617,29.3804931640625
latent-diffusion_noise2image_FFHQ/latent-diffusion_noise2img-ffhq256_sample_000073.png,True,1.4838324785232544,27.992870330810547
latent-diffusion_noise2image_FFHQ/latent-diffusion_noise2img-ffhq256_sample_000075.png,True,1.4832360744476318,28.469539642333984
latent-diffusion_noise2image_FFHQ/latent-diffusion_noise2img-ffhq256_sample_000077.png,True,-0.04216831922531128,34.30293655395508
latent-diffusion_noise2image_FFHQ/latent-diffusion_noise2img-ffhq256_sample_000083.png,True,-2.4283359050750732,26.048870086669922
latent-diffusion_noise2image_FFHQ/latent-diffusion_noise2img-ffhq256_sample_000087.png,True,-1.9850835800170898,25.736835479736328
latent-diffusion_noise2image_FFHQ/latent-diffusion_noise2img-ffhq256_sample_000090.png,True,-1.176483392715454,25.362010955810547
latent-diffusion_noise2image_FFHQ/latent-diffusion_noise2img-ffhq256_sample_000094.png,True,-3.3208746910095215,30.31394386291504
latent-diffusion_noise2image_FFHQ/latent-diffusion_noise2img-ffhq256_sample_000098.png,True,-4.961553573608398,20.746238708496094
latent-diffusion_noise2image_FFHQ/latent-diffusion_noise2img-ffhq256_sample_000100.png,True,1.5972927808761597,39.379112243652344
latent-diffusion_noise2image_FFHQ/latent-diffusion_noise2img-ffhq256_sample_000101.png,True,-1.921095609664917,26.121734619140625
latent-diffusion_noise2image_FFHQ/latent-diffusion_noise2img-ffhq256_sample_000102.png,True,1.0436031818389893,29.136783599853516
latent-diffusion_noise2image_FFHQ/latent-diffusion_noise2img-ffhq256_sample_000107.png,True,-3.2693166732788086,31.55231475830078
latent-diffusion_noise2image_FFHQ/latent-diffusion_noise2img-ffhq256_sample_000108.png,True,-0.26051628589630127,28.69148063659668
latent-diffusion_noise2image_FFHQ/latent-diffusion_noise2img-ffhq256_sample_000110.png,True,1.6831421852111816,27.91535758972168
latent-diffusion_noise2image_FFHQ/latent-diffusion_noise2img-ffhq256_sample_000111.png,True,-5.480757713317871,31.45940399169922
latent-diffusion_noise2image_FFHQ/latent-diffusion_noise2img-ffhq256_sample_000113.png,True,-2.5435168743133545,27.245534896850586
latent-diffusion_noise2image_FFHQ/latent-diffusion_noise2img-ffhq256_sample_000114.png,True,-1.014541745185852,28.71060562133789
latent-diffusion_noise2image_FFHQ/latent-diffusion_noise2img-ffhq256_sample_000117.png,True,-1.8357666730880737,22.644323348999023
latent-diffusion_noise2image_FFHQ/latent-diffusion_noise2img-ffhq256_sample_000121.png,True,-4.072779178619385,32.26630401611328
latent-diffusion_noise2image_FFHQ/latent-diffusion_noise2img-ffhq256_sample_000123.png,True,0.5483248233795166,20.672927856445312
latent-diffusion_noise2image_FFHQ/latent-diffusion_noise2img-ffhq256_sample_000124.png,True,0.42311525344848633,29.905935287475586
latent-diffusion_noise2image_FFHQ/latent-diffusion_noise2img-ffhq256_sample_000130.png,True,-2.9073376655578613,30.298263549804688
latent-diffusion_noise2image_FFHQ/latent-diffusion_noise2img-ffhq256_sample_000132.png,True,2.580387830734253,30.371021270751953
latent-diffusion_noise2image_FFHQ/latent-diffusion_noise2img-ffhq256_sample_000133.png,True,-1.2558766603469849,29.671205520629883
latent-diffusion_noise2image_FFHQ/latent-diffusion_noise2img-ffhq256_sample_000135.png,True,-0.7701820731163025,32.57386779785156
latent-diffusion_noise2image_FFHQ/latent-diffusion_noise2img-ffhq256_sample_000137.png,True,1.766031265258789,23.993961334228516
latent-diffusion_noise2image_FFHQ/latent-diffusion_noise2img-ffhq256_sample_000138.png,True,-3.1500842571258545,25.980924606323242
latent-diffusion_noise2image_FFHQ/latent-diffusion_noise2img-ffhq256_sample_000142.png,True,0.06446218490600586,23.537260055541992
latent-diffusion_noise2image_FFHQ/latent-diffusion_noise2img-ffhq256_sample_000143.png,True,-0.2615872621536255,27.908632278442383
latent-diffusion_noise2image_FFHQ/latent-diffusion_noise2img-ffhq256_sample_000145.png,True,-1.847131609916687,28.605716705322266
latent-diffusion_noise2image_FFHQ/latent-diffusion_noise2img-ffhq256_sample_000147.png,True,-6.117608070373535,31.169666290283203
latent-diffusion_noise2image_FFHQ/latent-diffusion_noise2img-ffhq256_sample_000150.png,True,-3.142022132873535,28.993560791015625
latent-diffusion_noise2image_FFHQ/latent-diffusion_noise2img-ffhq256_sample_000152.png,True,-1.826448917388916,26.995817184448242
latent-diffusion_noise2image_FFHQ/latent-diffusion_noise2img-ffhq256_sample_000153.png,True,-6.267394542694092,32.7889404296875
latent-diffusion_noise2image_FFHQ/latent-diffusion_noise2img-ffhq256_sample_000157.png,True,-0.9782063961029053,29.403858184814453
latent-diffusion_noise2image_FFHQ/latent-diffusion_noise2img-ffhq256_sample_000159.png,True,-2.793905258178711,37.433555603027344
latent-diffusion_noise2image_FFHQ/latent-diffusion_noise2img-ffhq256_sample_000160.png,True,0.8218039274215698,29.783079147338867
latent-diffusion_noise2image_FFHQ/latent-diffusion_noise2img-ffhq256_sample_000164.png,True,-5.538871765136719,29.758819580078125
latent-diffusion_noise2image_FFHQ/latent-diffusion_noise2img-ffhq256_sample_000165.png,True,-0.6502800583839417,30.651487350463867
latent-diffusion_noise2image_FFHQ/latent-diffusion_noise2img-ffhq256_sample_000166.png,True,-3.221109628677368,24.99891471862793
latent-diffusion_noise2image_FFHQ/latent-diffusion_noise2img-ffhq256_sample_000169.png,True,-1.2626782655715942,28.226598739624023
latent-diffusion_noise2image_FFHQ/latent-diffusion_noise2img-ffhq256_sample_000171.png,True,-3.0811233520507812,34.188880920410156
latent-diffusion_noise2image_FFHQ/latent-diffusion_noise2img-ffhq256_sample_000174.png,True,-0.4887040853500366,29.037817001342773
latent-diffusion_noise2image_FFHQ/latent-diffusion_noise2img-ffhq256_sample_000179.png,True,-4.300194263458252,29.050697326660156
latent-diffusion_noise2image_FFHQ/latent-diffusion_noise2img-ffhq256_sample_000180.png,True,0.42764878273010254,31.373241424560547
latent-diffusion_noise2image_FFHQ/latent-diffusion_noise2img-ffhq256_sample_000181.png,True,-6.315568923950195,34.368350982666016
latent-diffusion_noise2image_FFHQ/latent-diffusion_noise2img-ffhq256_sample_000184.png,True,-0.6284047365188599,27.336008071899414
latent-diffusion_noise2image_FFHQ/latent-diffusion_noise2img-ffhq256_sample_000190.png,True,3.4215526580810547,27.483638763427734
latent-diffusion_noise2image_FFHQ/latent-diffusion_noise2img-ffhq256_sample_000191.png,True,-1.275810956954956,22.220088958740234
latent-diffusion_noise2image_FFHQ/latent-diffusion_noise2img-ffhq256_sample_000192.png,True,-0.2776123285293579,24.277740478515625
latent-diffusion_noise2image_FFHQ/latent-diffusion_noise2img-ffhq256_sample_000194.png,True,-3.973910331726074,27.465946197509766
latent-diffusion_noise2image_FFHQ/latent-diffusion_noise2img-ffhq256_sample_000200.png,True,-2.2884035110473633,34.62725067138672
latent-diffusion_noise2image_FFHQ/latent-diffusion_noise2img-ffhq256_sample_000201.png,True,3.6383285522460938,32.456207275390625
latent-diffusion_noise2image_FFHQ/latent-diffusion_noise2img-ffhq256_sample_000205.png,True,-1.3744217157363892,32.600223541259766
latent-diffusion_noise2image_FFHQ/latent-diffusion_noise2img-ffhq256_sample_000206.png,True,0.05638408660888672,29.65619468688965
latent-diffusion_noise2image_FFHQ/latent-diffusion_noise2img-ffhq256_sample_000207.png,True,0.16975891590118408,28.682575225830078
latent-diffusion_noise2image_FFHQ/latent-diffusion_noise2img-ffhq256_sample_000209.png,True,0.33957982063293457,32.657501220703125
latent-diffusion_noise2image_FFHQ/latent-diffusion_noise2img-ffhq256_sample_000212.png,True,-4.692984580993652,31.9862003326416
latent-diffusion_noise2image_FFHQ/latent-diffusion_noise2img-ffhq256_sample_000213.png,True,-7.723294258117676,31.838973999023438
latent-diffusion_noise2image_FFHQ/latent-diffusion_noise2img-ffhq256_sample_000214.png,True,0.14519238471984863,32.03681182861328
latent-diffusion_noise2image_FFHQ/latent-diffusion_noise2img-ffhq256_sample_000216.png,True,-3.0182864665985107,29.12812042236328
latent-diffusion_noise2image_FFHQ/latent-diffusion_noise2img-ffhq256_sample_000217.png,True,-1.8302414417266846,28.003013610839844
latent-diffusion_noise2image_FFHQ/latent-diffusion_noise2img-ffhq256_sample_000221.png,True,-1.8254282474517822,33.520240783691406
latent-diffusion_noise2image_FFHQ/latent-diffusion_noise2img-ffhq256_sample_000223.png,True,1.3579965829849243,32.200965881347656
latent-diffusion_noise2image_FFHQ/latent-diffusion_noise2img-ffhq256_sample_000225.png,True,1.9413763284683228,27.1588134765625
latent-diffusion_noise2image_FFHQ/latent-diffusion_noise2img-ffhq256_sample_000232.png,True,0.7870235443115234,29.367525100708008
latent-diffusion_noise2image_FFHQ/latent-diffusion_noise2img-ffhq256_sample_000233.png,True,2.4147164821624756,24.566131591796875
latent-diffusion_noise2image_FFHQ/latent-diffusion_noise2img-ffhq256_sample_000235.png,True,1.6931178569793701,35.18841552734375
latent-diffusion_noise2image_FFHQ/latent-diffusion_noise2img-ffhq256_sample_000236.png,True,-1.4070549011230469,31.937898635864258
latent-diffusion_noise2image_FFHQ/latent-diffusion_noise2img-ffhq256_sample_000242.png,True,-0.2528257369995117,28.877851486206055
latent-diffusion_noise2image_FFHQ/latent-diffusion_noise2img-ffhq256_sample_000243.png,True,-0.9327650666236877,28.92098045349121
latent-diffusion_noise2image_FFHQ/latent-diffusion_noise2img-ffhq256_sample_000245.png,True,-1.4736502170562744,33.119293212890625
latent-diffusion_noise2image_FFHQ/latent-diffusion_noise2img-ffhq256_sample_000246.png,True,-0.6573275327682495,35.93170166015625
latent-diffusion_noise2image_FFHQ/latent-diffusion_noise2img-ffhq256_sample_000247.png,True,-0.5247243642807007,29.197675704956055
latent-diffusion_noise2image_FFHQ/latent-diffusion_noise2img-ffhq256_sample_000248.png,True,0.4872395396232605,22.749645233154297
latent-diffusion_noise2image_FFHQ/latent-diffusion_noise2img-ffhq256_sample_000249.png,True,1.2555021047592163,33.20262908935547
latent-diffusion_noise2image_FFHQ/latent-diffusion_noise2img-ffhq256_sample_000250.png,True,1.8451178073883057,28.61862564086914
latent-diffusion_noise2image_FFHQ/latent-diffusion_noise2img-ffhq256_sample_000251.png,True,0.6872479915618896,28.792734146118164
latent-diffusion_noise2image_FFHQ/latent-diffusion_noise2img-ffhq256_sample_000254.png,True,0.06277340650558472,25.210941314697266
latent-diffusion_noise2image_FFHQ/latent-diffusion_noise2img-ffhq256_sample_000256.png,True,-2.6276040077209473,30.889652252197266
latent-diffusion_noise2image_FFHQ/latent-diffusion_noise2img-ffhq256_sample_000257.png,True,-1.1619298458099365,26.317710876464844
latent-diffusion_noise2image_FFHQ/latent-diffusion_noise2img-ffhq256_sample_000259.png,True,0.7343869805335999,27.472742080688477
latent-diffusion_noise2image_FFHQ/latent-diffusion_noise2img-ffhq256_sample_000261.png,True,-5.046424388885498,25.9864501953125
latent-diffusion_noise2image_FFHQ/latent-diffusion_noise2img-ffhq256_sample_000262.png,True,-0.48058390617370605,36.030181884765625
latent-diffusion_noise2image_FFHQ/latent-diffusion_noise2img-ffhq256_sample_000265.png,True,4.505715847015381,28.216337203979492
latent-diffusion_noise2image_FFHQ/latent-diffusion_noise2img-ffhq256_sample_000266.png,True,-2.550375461578369,30.839990615844727
latent-diffusion_noise2image_FFHQ/latent-diffusion_noise2img-ffhq256_sample_000270.png,True,-4.287446022033691,28.104225158691406
latent-diffusion_noise2image_FFHQ/latent-diffusion_noise2img-ffhq256_sample_000271.png,True,-1.4533733129501343,27.42007064819336
latent-diffusion_noise2image_FFHQ/latent-diffusion_noise2img-ffhq256_sample_000272.png,True,-4.673707008361816,23.028106689453125
latent-diffusion_noise2image_FFHQ/latent-diffusion_noise2img-ffhq256_sample_000276.png,True,-3.7171578407287598,26.485759735107422
latent-diffusion_noise2image_FFHQ/latent-diffusion_noise2img-ffhq256_sample_000277.png,True,1.401959776878357,31.57794189453125
latent-diffusion_noise2image_FFHQ/latent-diffusion_noise2img-ffhq256_sample_000278.png,True,-7.103300094604492,24.36501121520996
latent-diffusion_noise2image_FFHQ/latent-diffusion_noise2img-ffhq256_sample_000280.png,True,1.2170662879943848,27.06649398803711
latent-diffusion_noise2image_FFHQ/latent-diffusion_noise2img-ffhq256_sample_000283.png,True,-3.2255425453186035,27.85245132446289
latent-diffusion_noise2image_FFHQ/latent-diffusion_noise2img-ffhq256_sample_000284.png,True,-5.688554763793945,26.28297233581543
latent-diffusion_noise2image_FFHQ/latent-diffusion_noise2img-ffhq256_sample_000285.png,True,-1.0484631061553955,24.030370712280273
latent-diffusion_noise2image_FFHQ/latent-diffusion_noise2img-ffhq256_sample_000286.png,True,-2.305037260055542,38.01526641845703
latent-diffusion_noise2image_FFHQ/latent-diffusion_noise2img-ffhq256_sample_000287.png,True,-0.6679376363754272,28.814990997314453
latent-diffusion_noise2image_FFHQ/latent-diffusion_noise2img-ffhq256_sample_000288.png,True,-3.6225411891937256,31.122325897216797
latent-diffusion_noise2image_FFHQ/latent-diffusion_noise2img-ffhq256_sample_000289.png,True,-1.5261880159378052,28.576196670532227
latent-diffusion_noise2image_FFHQ/latent-diffusion_noise2img-ffhq256_sample_000292.png,True,1.7506160736083984,28.97031021118164
latent-diffusion_noise2image_FFHQ/latent-diffusion_noise2img-ffhq256_sample_000293.png,True,-4.890906810760498,32.8289794921875
latent-diffusion_noise2image_FFHQ/latent-diffusion_noise2img-ffhq256_sample_000295.png,True,0.802810549736023,29.464370727539062
latent-diffusion_noise2image_FFHQ/latent-diffusion_noise2img-ffhq256_sample_000297.png,True,-1.2515580654144287,28.62641143798828
latent-diffusion_noise2image_FFHQ/latent-diffusion_noise2img-ffhq256_sample_000298.png,True,-0.8425066471099854,33.43052673339844
latent-diffusion_noise2image_FFHQ/latent-diffusion_noise2img-ffhq256_sample_000300.png,True,0.6021347641944885,28.53607177734375
latent-diffusion_noise2image_FFHQ/latent-diffusion_noise2img-ffhq256_sample_000302.png,True,1.0357036590576172,33.369686126708984
latent-diffusion_noise2image_FFHQ/latent-diffusion_noise2img-ffhq256_sample_000305.png,True,3.8897571563720703,26.366525650024414
latent-diffusion_noise2image_FFHQ/latent-diffusion_noise2img-ffhq256_sample_000308.png,True,4.17120885848999,23.749671936035156
latent-diffusion_noise2image_FFHQ/latent-diffusion_noise2img-ffhq256_sample_000312.png,True,-4.761788368225098,27.659255981445312
latent-diffusion_noise2image_FFHQ/latent-diffusion_noise2img-ffhq256_sample_000316.png,True,-0.48387205600738525,35.49102020263672
latent-diffusion_noise2image_FFHQ/latent-diffusion_noise2img-ffhq256_sample_000318.png,True,2.871826648712158,32.82527160644531
latent-diffusion_noise2image_FFHQ/latent-diffusion_noise2img-ffhq256_sample_000320.png,True,3.265949010848999,23.00701332092285
latent-diffusion_noise2image_FFHQ/latent-diffusion_noise2img-ffhq256_sample_000322.png,True,-2.2180893421173096,26.999778747558594
latent-diffusion_noise2image_FFHQ/latent-diffusion_noise2img-ffhq256_sample_000324.png,True,-2.6470165252685547,34.97202682495117
latent-diffusion_noise2image_FFHQ/latent-diffusion_noise2img-ffhq256_sample_000325.png,True,-2.618048906326294,21.93379783630371
latent-diffusion_noise2image_FFHQ/latent-diffusion_noise2img-ffhq256_sample_000326.png,True,2.7074952125549316,26.760372161865234
latent-diffusion_noise2image_FFHQ/latent-diffusion_noise2img-ffhq256_sample_000328.png,True,-1.0182615518569946,24.85974884033203
latent-diffusion_noise2image_FFHQ/latent-diffusion_noise2img-ffhq256_sample_000329.png,True,1.3689756393432617,33.54483413696289
latent-diffusion_noise2image_FFHQ/latent-diffusion_noise2img-ffhq256_sample_000330.png,True,2.3384509086608887,28.217575073242188
latent-diffusion_noise2image_FFHQ/latent-diffusion_noise2img-ffhq256_sample_000331.png,True,-4.992884159088135,25.768278121948242
latent-diffusion_noise2image_FFHQ/latent-diffusion_noise2img-ffhq256_sample_000332.png,True,-1.6423165798187256,35.84553527832031
latent-diffusion_noise2image_FFHQ/latent-diffusion_noise2img-ffhq256_sample_000333.png,True,-0.15670812129974365,31.995235443115234
latent-diffusion_noise2image_FFHQ/latent-diffusion_noise2img-ffhq256_sample_000339.png,True,-2.9205799102783203,22.664154052734375
latent-diffusion_noise2image_FFHQ/latent-diffusion_noise2img-ffhq256_sample_000340.png,True,-1.5345489978790283,21.390731811523438
latent-diffusion_noise2image_FFHQ/latent-diffusion_noise2img-ffhq256_sample_000341.png,True,-4.253925323486328,27.458065032958984
latent-diffusion_noise2image_FFHQ/latent-diffusion_noise2img-ffhq256_sample_000342.png,True,-2.7206857204437256,25.128040313720703
latent-diffusion_noise2image_FFHQ/latent-diffusion_noise2img-ffhq256_sample_000344.png,True,-3.3644766807556152,22.235273361206055
latent-diffusion_noise2image_FFHQ/latent-diffusion_noise2img-ffhq256_sample_000347.png,True,0.3545498847961426,25.59913444519043
latent-diffusion_noise2image_FFHQ/latent-diffusion_noise2img-ffhq256_sample_000351.png,True,1.9995629787445068,31.285436630249023
latent-diffusion_noise2image_FFHQ/latent-diffusion_noise2img-ffhq256_sample_000352.png,True,-2.8257389068603516,28.78924560546875
latent-diffusion_noise2image_FFHQ/latent-diffusion_noise2img-ffhq256_sample_000355.png,True,-3.453983783721924,23.247669219970703
latent-diffusion_noise2image_FFHQ/latent-diffusion_noise2img-ffhq256_sample_000358.png,True,-0.5271257162094116,30.040687561035156
latent-diffusion_noise2image_FFHQ/latent-diffusion_noise2img-ffhq256_sample_000360.png,True,-3.828373432159424,29.07898712158203
latent-diffusion_noise2image_FFHQ/latent-diffusion_noise2img-ffhq256_sample_000362.png,True,2.8655738830566406,28.603546142578125
latent-diffusion_noise2image_FFHQ/latent-diffusion_noise2img-ffhq256_sample_000363.png,True,-3.0507915019989014,30.014636993408203
latent-diffusion_noise2image_FFHQ/latent-diffusion_noise2img-ffhq256_sample_000369.png,True,2.0330145359039307,23.942829132080078
latent-diffusion_noise2image_FFHQ/latent-diffusion_noise2img-ffhq256_sample_000371.png,True,-2.7095346450805664,28.6574764251709
latent-diffusion_noise2image_FFHQ/latent-diffusion_noise2img-ffhq256_sample_000372.png,True,-4.37206506729126,24.819782257080078
latent-diffusion_noise2image_FFHQ/latent-diffusion_noise2img-ffhq256_sample_000375.png,True,-0.9861995577812195,27.727277755737305
latent-diffusion_noise2image_FFHQ/latent-diffusion_noise2img-ffhq256_sample_000378.png,True,0.025473833084106445,28.593727111816406
latent-diffusion_noise2image_FFHQ/latent-diffusion_noise2img-ffhq256_sample_000379.png,True,-1.9494224786758423,27.250009536743164
latent-diffusion_noise2image_FFHQ/latent-diffusion_noise2img-ffhq256_sample_000381.png,True,0.6098088026046753,28.263572692871094
latent-diffusion_noise2image_FFHQ/latent-diffusion_noise2img-ffhq256_sample_000383.png,True,7.493590354919434,25.725908279418945
latent-diffusion_noise2image_FFHQ/latent-diffusion_noise2img-ffhq256_sample_000385.png,True,0.37383270263671875,29.217275619506836
latent-diffusion_noise2image_FFHQ/latent-diffusion_noise2img-ffhq256_sample_000387.png,True,-1.2230747938156128,24.56624984741211
latent-diffusion_noise2image_FFHQ/latent-diffusion_noise2img-ffhq256_sample_000388.png,True,0.7268588542938232,28.316062927246094
latent-diffusion_noise2image_FFHQ/latent-diffusion_noise2img-ffhq256_sample_000393.png,True,-0.6019691824913025,35.166473388671875
latent-diffusion_noise2image_FFHQ/latent-diffusion_noise2img-ffhq256_sample_000395.png,True,-2.244354486465454,30.402982711791992
latent-diffusion_noise2image_FFHQ/latent-diffusion_noise2img-ffhq256_sample_000397.png,True,2.73152494430542,29.335163116455078
latent-diffusion_noise2image_FFHQ/latent-diffusion_noise2img-ffhq256_sample_000398.png,True,-2.9637138843536377,35.16444396972656
latent-diffusion_noise2image_FFHQ/latent-diffusion_noise2img-ffhq256_sample_000399.png,True,4.151197910308838,22.798437118530273
latent-diffusion_noise2image_FFHQ/latent-diffusion_noise2img-ffhq256_sample_000403.png,True,-1.6456481218338013,29.824800491333008
latent-diffusion_noise2image_FFHQ/latent-diffusion_noise2img-ffhq256_sample_000405.png,True,0.37483417987823486,27.188983917236328
latent-diffusion_noise2image_FFHQ/latent-diffusion_noise2img-ffhq256_sample_000406.png,True,-2.432450532913208,34.17961120605469
latent-diffusion_noise2image_FFHQ/latent-diffusion_noise2img-ffhq256_sample_000407.png,True,-4.826416969299316,33.000823974609375
latent-diffusion_noise2image_FFHQ/latent-diffusion_noise2img-ffhq256_sample_000408.png,True,0.08211779594421387,27.748790740966797
latent-diffusion_noise2image_FFHQ/latent-diffusion_noise2img-ffhq256_sample_000409.png,True,3.6087703704833984,33.121864318847656
latent-diffusion_noise2image_FFHQ/latent-diffusion_noise2img-ffhq256_sample_000411.png,True,-4.714224815368652,23.913497924804688
latent-diffusion_noise2image_FFHQ/latent-diffusion_noise2img-ffhq256_sample_000413.png,True,3.562847137451172,30.089906692504883
latent-diffusion_noise2image_FFHQ/latent-diffusion_noise2img-ffhq256_sample_000417.png,True,-1.6263664960861206,27.482582092285156
latent-diffusion_noise2image_FFHQ/latent-diffusion_noise2img-ffhq256_sample_000418.png,True,-0.08687901496887207,36.48109436035156
latent-diffusion_noise2image_FFHQ/latent-diffusion_noise2img-ffhq256_sample_000419.png,True,0.9687132835388184,24.078292846679688
latent-diffusion_noise2image_FFHQ/latent-diffusion_noise2img-ffhq256_sample_000422.png,True,-1.5720936059951782,30.87419891357422
latent-diffusion_noise2image_FFHQ/latent-diffusion_noise2img-ffhq256_sample_000423.png,True,-5.113568305969238,29.482681274414062
latent-diffusion_noise2image_FFHQ/latent-diffusion_noise2img-ffhq256_sample_000424.png,True,-3.0671844482421875,26.717060089111328
latent-diffusion_noise2image_FFHQ/latent-diffusion_noise2img-ffhq256_sample_000425.png,True,-4.154506206512451,30.561704635620117
latent-diffusion_noise2image_FFHQ/latent-diffusion_noise2img-ffhq256_sample_000426.png,True,-5.267567157745361,25.025821685791016
latent-diffusion_noise2image_FFHQ/latent-diffusion_noise2img-ffhq256_sample_000428.png,True,1.4479976892471313,24.317081451416016
latent-diffusion_noise2image_FFHQ/latent-diffusion_noise2img-ffhq256_sample_000432.png,True,4.757380962371826,27.922470092773438
latent-diffusion_noise2image_FFHQ/latent-diffusion_noise2img-ffhq256_sample_000433.png,True,3.6433212757110596,24.583297729492188
latent-diffusion_noise2image_FFHQ/latent-diffusion_noise2img-ffhq256_sample_000434.png,True,0.24918043613433838,30.538516998291016
latent-diffusion_noise2image_FFHQ/latent-diffusion_noise2img-ffhq256_sample_000436.png,True,-1.7029005289077759,23.315349578857422
latent-diffusion_noise2image_FFHQ/latent-diffusion_noise2img-ffhq256_sample_000438.png,True,0.5263805985450745,30.70122528076172
latent-diffusion_noise2image_FFHQ/latent-diffusion_noise2img-ffhq256_sample_000440.png,True,0.43620428442955017,28.33135986328125
latent-diffusion_noise2image_FFHQ/latent-diffusion_noise2img-ffhq256_sample_000441.png,True,3.230013132095337,28.934329986572266
latent-diffusion_noise2image_FFHQ/latent-diffusion_noise2img-ffhq256_sample_000444.png,True,4.979209899902344,27.850536346435547
latent-diffusion_noise2image_FFHQ/latent-diffusion_noise2img-ffhq256_sample_000448.png,True,-2.6501636505126953,21.92717742919922
latent-diffusion_noise2image_FFHQ/latent-diffusion_noise2img-ffhq256_sample_000451.png,True,1.7114897966384888,27.70941162109375
latent-diffusion_noise2image_FFHQ/latent-diffusion_noise2img-ffhq256_sample_000453.png,True,3.788102865219116,29.285018920898438
latent-diffusion_noise2image_FFHQ/latent-diffusion_noise2img-ffhq256_sample_000456.png,True,0.012363791465759277,37.42835235595703
latent-diffusion_noise2image_FFHQ/latent-diffusion_noise2img-ffhq256_sample_000457.png,True,-6.125469207763672,34.079734802246094
latent-diffusion_noise2image_FFHQ/latent-diffusion_noise2img-ffhq256_sample_000458.png,True,-4.247605800628662,29.21759796142578
latent-diffusion_noise2image_FFHQ/latent-diffusion_noise2img-ffhq256_sample_000459.png,True,-4.556151390075684,32.22383499145508
latent-diffusion_noise2image_FFHQ/latent-diffusion_noise2img-ffhq256_sample_000460.png,True,-2.163656711578369,29.13176727294922
latent-diffusion_noise2image_FFHQ/latent-diffusion_noise2img-ffhq256_sample_000461.png,True,1.314570665359497,29.848491668701172
latent-diffusion_noise2image_FFHQ/latent-diffusion_noise2img-ffhq256_sample_000464.png,True,4.8941874504089355,28.638530731201172
latent-diffusion_noise2image_FFHQ/latent-diffusion_noise2img-ffhq256_sample_000465.png,True,-7.856983184814453,26.854610443115234
latent-diffusion_noise2image_FFHQ/latent-diffusion_noise2img-ffhq256_sample_000466.png,True,-3.5904340744018555,31.372360229492188
latent-diffusion_noise2image_FFHQ/latent-diffusion_noise2img-ffhq256_sample_000467.png,True,-1.079432487487793,30.429821014404297
latent-diffusion_noise2image_FFHQ/latent-diffusion_noise2img-ffhq256_sample_000468.png,True,0.46147626638412476,28.064218521118164
latent-diffusion_noise2image_FFHQ/latent-diffusion_noise2img-ffhq256_sample_000469.png,True,0.841202974319458,25.012401580810547
latent-diffusion_noise2image_FFHQ/latent-diffusion_noise2img-ffhq256_sample_000470.png,True,-0.7290672063827515,29.98149871826172
latent-diffusion_noise2image_FFHQ/latent-diffusion_noise2img-ffhq256_sample_000475.png,True,-3.494326591491699,33.038841247558594
latent-diffusion_noise2image_FFHQ/latent-diffusion_noise2img-ffhq256_sample_000477.png,True,5.776403427124023,22.487258911132812
latent-diffusion_noise2image_FFHQ/latent-diffusion_noise2img-ffhq256_sample_000482.png,True,3.0538887977600098,24.065357208251953
latent-diffusion_noise2image_FFHQ/latent-diffusion_noise2img-ffhq256_sample_000485.png,True,1.425257682800293,26.527462005615234
latent-diffusion_noise2image_FFHQ/latent-diffusion_noise2img-ffhq256_sample_000486.png,True,-3.939761161804199,26.488956451416016
latent-diffusion_noise2image_FFHQ/latent-diffusion_noise2img-ffhq256_sample_000487.png,True,-5.559690952301025,30.665849685668945
latent-diffusion_noise2image_FFHQ/latent-diffusion_noise2img-ffhq256_sample_000489.png,True,-3.8142642974853516,30.13779067993164
latent-diffusion_noise2image_FFHQ/latent-diffusion_noise2img-ffhq256_sample_000491.png,True,1.556479573249817,28.305233001708984
latent-diffusion_noise2image_FFHQ/latent-diffusion_noise2img-ffhq256_sample_000493.png,True,-3.4294421672821045,30.375919342041016
latent-diffusion_noise2image_FFHQ/latent-diffusion_noise2img-ffhq256_sample_000494.png,True,4.849787712097168,25.669349670410156
latent-diffusion_noise2image_FFHQ/latent-diffusion_noise2img-ffhq256_sample_000497.png,True,-0.1845110058784485,27.0389404296875
latent-diffusion_noise2image_FFHQ/latent-diffusion_noise2img-ffhq256_sample_000499.png,True,-3.5836150646209717,26.20949363708496
latent-diffusion_noise2image_FFHQ/latent-diffusion_noise2img-ffhq256_sample_000500.png,True,-5.754408359527588,29.200674057006836
latent-diffusion_noise2image_FFHQ/latent-diffusion_noise2img-ffhq256_sample_000502.png,True,0.13414955139160156,32.466224670410156
latent-diffusion_noise2image_FFHQ/latent-diffusion_noise2img-ffhq256_sample_000503.png,True,-6.7167582511901855,22.08199691772461
latent-diffusion_noise2image_FFHQ/latent-diffusion_noise2img-ffhq256_sample_000504.png,True,-4.713774681091309,21.58919334411621
latent-diffusion_noise2image_FFHQ/latent-diffusion_noise2img-ffhq256_sample_000506.png,True,3.344196081161499,22.650453567504883
latent-diffusion_noise2image_FFHQ/latent-diffusion_noise2img-ffhq256_sample_000507.png,True,-0.3059908449649811,26.6668643951416
latent-diffusion_noise2image_FFHQ/latent-diffusion_noise2img-ffhq256_sample_000512.png,True,-3.350311040878296,26.326244354248047
latent-diffusion_noise2image_FFHQ/latent-diffusion_noise2img-ffhq256_sample_000513.png,True,1.8725255727767944,25.25084114074707
latent-diffusion_noise2image_FFHQ/latent-diffusion_noise2img-ffhq256_sample_000516.png,True,-4.654121398925781,23.51270294189453
latent-diffusion_noise2image_FFHQ/latent-diffusion_noise2img-ffhq256_sample_000518.png,True,-0.7208315134048462,29.86560821533203
latent-diffusion_noise2image_FFHQ/latent-diffusion_noise2img-ffhq256_sample_000519.png,True,-6.378576278686523,31.364208221435547
latent-diffusion_noise2image_FFHQ/latent-diffusion_noise2img-ffhq256_sample_000521.png,True,0.39738625288009644,32.05067825317383
latent-diffusion_noise2image_FFHQ/latent-diffusion_noise2img-ffhq256_sample_000522.png,True,-5.563528060913086,30.56853675842285
latent-diffusion_noise2image_FFHQ/latent-diffusion_noise2img-ffhq256_sample_000523.png,True,-1.9028865098953247,31.39645767211914
latent-diffusion_noise2image_FFHQ/latent-diffusion_noise2img-ffhq256_sample_000524.png,True,1.5326429605484009,23.60611343383789
latent-diffusion_noise2image_FFHQ/latent-diffusion_noise2img-ffhq256_sample_000525.png,True,-7.2140069007873535,30.547622680664062
latent-diffusion_noise2image_FFHQ/latent-diffusion_noise2img-ffhq256_sample_000526.png,True,0.4208056926727295,29.268451690673828
latent-diffusion_noise2image_FFHQ/latent-diffusion_noise2img-ffhq256_sample_000528.png,True,-0.7644951343536377,32.12614822387695
latent-diffusion_noise2image_FFHQ/latent-diffusion_noise2img-ffhq256_sample_000530.png,True,0.19763243198394775,23.746875762939453
latent-diffusion_noise2image_FFHQ/latent-diffusion_noise2img-ffhq256_sample_000532.png,True,1.1601922512054443,32.39909362792969
latent-diffusion_noise2image_FFHQ/latent-diffusion_noise2img-ffhq256_sample_000533.png,True,-2.804140090942383,31.503162384033203
latent-diffusion_noise2image_FFHQ/latent-diffusion_noise2img-ffhq256_sample_000534.png,True,1.3125784397125244,32.51769256591797
latent-diffusion_noise2image_FFHQ/latent-diffusion_noise2img-ffhq256_sample_000537.png,True,-3.861238956451416,35.120323181152344
latent-diffusion_noise2image_FFHQ/latent-diffusion_noise2img-ffhq256_sample_000538.png,True,0.05789351463317871,26.441221237182617
latent-diffusion_noise2image_FFHQ/latent-diffusion_noise2img-ffhq256_sample_000540.png,True,-1.1498428583145142,25.424331665039062
latent-diffusion_noise2image_FFHQ/latent-diffusion_noise2img-ffhq256_sample_000543.png,True,-3.393843650817871,31.93634033203125
latent-diffusion_noise2image_FFHQ/latent-diffusion_noise2img-ffhq256_sample_000545.png,True,-6.08540678024292,27.27451515197754
latent-diffusion_noise2image_FFHQ/latent-diffusion_noise2img-ffhq256_sample_000546.png,True,-1.4385265111923218,29.601945877075195
latent-diffusion_noise2image_FFHQ/latent-diffusion_noise2img-ffhq256_sample_000549.png,True,-2.511547327041626,18.473936080932617
latent-diffusion_noise2image_FFHQ/latent-diffusion_noise2img-ffhq256_sample_000551.png,True,-3.1403462886810303,25.936744689941406
latent-diffusion_noise2image_FFHQ/latent-diffusion_noise2img-ffhq256_sample_000553.png,True,0.08121585845947266,35.477630615234375
latent-diffusion_noise2image_FFHQ/latent-diffusion_noise2img-ffhq256_sample_000554.png,True,-6.594027519226074,33.02601623535156
latent-diffusion_noise2image_FFHQ/latent-diffusion_noise2img-ffhq256_sample_000556.png,True,-6.493927955627441,27.005615234375
latent-diffusion_noise2image_FFHQ/latent-diffusion_noise2img-ffhq256_sample_000559.png,True,1.7744288444519043,31.804473876953125
latent-diffusion_noise2image_FFHQ/latent-diffusion_noise2img-ffhq256_sample_000560.png,True,0.8414503931999207,30.513919830322266
latent-diffusion_noise2image_FFHQ/latent-diffusion_noise2img-ffhq256_sample_000561.png,True,-0.7060073614120483,32.22163009643555
latent-diffusion_noise2image_FFHQ/latent-diffusion_noise2img-ffhq256_sample_000562.png,True,0.39168810844421387,27.44611358642578
latent-diffusion_noise2image_FFHQ/latent-diffusion_noise2img-ffhq256_sample_000565.png,True,-2.525174140930176,25.429731369018555
latent-diffusion_noise2image_FFHQ/latent-diffusion_noise2img-ffhq256_sample_000566.png,True,-4.81845235824585,31.350936889648438
latent-diffusion_noise2image_FFHQ/latent-diffusion_noise2img-ffhq256_sample_000567.png,True,1.6523263454437256,33.66707229614258
latent-diffusion_noise2image_FFHQ/latent-diffusion_noise2img-ffhq256_sample_000569.png,True,0.7916460037231445,22.404296875
latent-diffusion_noise2image_FFHQ/latent-diffusion_noise2img-ffhq256_sample_000570.png,True,0.9556661248207092,26.86164665222168
latent-diffusion_noise2image_FFHQ/latent-diffusion_noise2img-ffhq256_sample_000571.png,True,-4.083449363708496,26.288665771484375
latent-diffusion_noise2image_FFHQ/latent-diffusion_noise2img-ffhq256_sample_000579.png,True,-1.0108802318572998,27.342947006225586
latent-diffusion_noise2image_FFHQ/latent-diffusion_noise2img-ffhq256_sample_000584.png,True,-0.22962161898612976,31.30190658569336
latent-diffusion_noise2image_FFHQ/latent-diffusion_noise2img-ffhq256_sample_000586.png,True,2.671670913696289,29.27853775024414
latent-diffusion_noise2image_FFHQ/latent-diffusion_noise2img-ffhq256_sample_000587.png,True,-2.961176633834839,31.272565841674805
latent-diffusion_noise2image_FFHQ/latent-diffusion_noise2img-ffhq256_sample_000588.png,True,-3.380162239074707,26.668926239013672
latent-diffusion_noise2image_FFHQ/latent-diffusion_noise2img-ffhq256_sample_000589.png,True,-1.5848990678787231,35.71397399902344
latent-diffusion_noise2image_FFHQ/latent-diffusion_noise2img-ffhq256_sample_000590.png,True,-0.6646665334701538,26.369327545166016
latent-diffusion_noise2image_FFHQ/latent-diffusion_noise2img-ffhq256_sample_000591.png,True,-1.7385821342468262,27.904687881469727
latent-diffusion_noise2image_FFHQ/latent-diffusion_noise2img-ffhq256_sample_000592.png,True,-0.3116385340690613,31.406875610351562
latent-diffusion_noise2image_FFHQ/latent-diffusion_noise2img-ffhq256_sample_000594.png,True,4.099050521850586,22.35620880126953
latent-diffusion_noise2image_FFHQ/latent-diffusion_noise2img-ffhq256_sample_000595.png,True,-3.2811436653137207,28.54839324951172
latent-diffusion_noise2image_FFHQ/latent-diffusion_noise2img-ffhq256_sample_000596.png,True,-5.587564468383789,27.055259704589844
latent-diffusion_noise2image_FFHQ/latent-diffusion_noise2img-ffhq256_sample_000597.png,True,-5.398019790649414,27.45370864868164
latent-diffusion_noise2image_FFHQ/latent-diffusion_noise2img-ffhq256_sample_000599.png,True,1.5472917556762695,35.325286865234375
latent-diffusion_noise2image_FFHQ/latent-diffusion_noise2img-ffhq256_sample_000606.png,True,0.22586023807525635,26.130901336669922
latent-diffusion_noise2image_FFHQ/latent-diffusion_noise2img-ffhq256_sample_000608.png,True,-0.23373591899871826,29.61600685119629
latent-diffusion_noise2image_FFHQ/latent-diffusion_noise2img-ffhq256_sample_000611.png,True,1.009526014328003,34.653526306152344
latent-diffusion_noise2image_FFHQ/latent-diffusion_noise2img-ffhq256_sample_000612.png,True,-3.624692916870117,27.44762420654297
latent-diffusion_noise2image_FFHQ/latent-diffusion_noise2img-ffhq256_sample_000614.png,True,-2.0291619300842285,22.656429290771484
latent-diffusion_noise2image_FFHQ/latent-diffusion_noise2img-ffhq256_sample_000615.png,True,0.0039272308349609375,27.94268798828125
latent-diffusion_noise2image_FFHQ/latent-diffusion_noise2img-ffhq256_sample_000616.png,True,-1.0362470149993896,29.876514434814453
latent-diffusion_noise2image_FFHQ/latent-diffusion_noise2img-ffhq256_sample_000620.png,True,-0.8382459282875061,26.915386199951172
latent-diffusion_noise2image_FFHQ/latent-diffusion_noise2img-ffhq256_sample_000621.png,True,-2.628096580505371,31.835176467895508
latent-diffusion_noise2image_FFHQ/latent-diffusion_noise2img-ffhq256_sample_000624.png,True,0.0526767373085022,24.6955623626709
latent-diffusion_noise2image_FFHQ/latent-diffusion_noise2img-ffhq256_sample_000625.png,True,1.3754143714904785,23.687589645385742
latent-diffusion_noise2image_FFHQ/latent-diffusion_noise2img-ffhq256_sample_000626.png,True,1.172312617301941,28.363811492919922
latent-diffusion_noise2image_FFHQ/latent-diffusion_noise2img-ffhq256_sample_000627.png,True,-1.2637786865234375,27.935165405273438
latent-diffusion_noise2image_FFHQ/latent-diffusion_noise2img-ffhq256_sample_000628.png,True,-3.6297295093536377,26.99176597595215
latent-diffusion_noise2image_FFHQ/latent-diffusion_noise2img-ffhq256_sample_000630.png,True,-1.9260823726654053,34.78774642944336
latent-diffusion_noise2image_FFHQ/latent-diffusion_noise2img-ffhq256_sample_000631.png,True,-5.564146995544434,31.422569274902344
latent-diffusion_noise2image_FFHQ/latent-diffusion_noise2img-ffhq256_sample_000633.png,True,-5.483579635620117,24.493078231811523
latent-diffusion_noise2image_FFHQ/latent-diffusion_noise2img-ffhq256_sample_000634.png,True,1.1797304153442383,30.4273624420166
latent-diffusion_noise2image_FFHQ/latent-diffusion_noise2img-ffhq256_sample_000637.png,True,4.537368297576904,31.303964614868164
latent-diffusion_noise2image_FFHQ/latent-diffusion_noise2img-ffhq256_sample_000638.png,True,-1.8374894857406616,26.49420166015625
latent-diffusion_noise2image_FFHQ/latent-diffusion_noise2img-ffhq256_sample_000639.png,True,0.9830597639083862,28.274587631225586
latent-diffusion_noise2image_FFHQ/latent-diffusion_noise2img-ffhq256_sample_000640.png,True,0.00427556037902832,25.671388626098633
latent-diffusion_noise2image_FFHQ/latent-diffusion_noise2img-ffhq256_sample_000641.png,True,0.5811986923217773,24.500085830688477
latent-diffusion_noise2image_FFHQ/latent-diffusion_noise2img-ffhq256_sample_000642.png,True,0.7691724896430969,34.75859832763672
latent-diffusion_noise2image_FFHQ/latent-diffusion_noise2img-ffhq256_sample_000643.png,True,1.7488739490509033,27.735183715820312
latent-diffusion_noise2image_FFHQ/latent-diffusion_noise2img-ffhq256_sample_000645.png,True,-4.049473762512207,31.306739807128906
latent-diffusion_noise2image_FFHQ/latent-diffusion_noise2img-ffhq256_sample_000646.png,True,-2.000452995300293,32.05013656616211
latent-diffusion_noise2image_FFHQ/latent-diffusion_noise2img-ffhq256_sample_000649.png,True,-5.42716121673584,31.689834594726562
latent-diffusion_noise2image_FFHQ/latent-diffusion_noise2img-ffhq256_sample_000650.png,True,2.05246639251709,32.5389518737793
latent-diffusion_noise2image_FFHQ/latent-diffusion_noise2img-ffhq256_sample_000651.png,True,2.3056843280792236,27.112457275390625
latent-diffusion_noise2image_FFHQ/latent-diffusion_noise2img-ffhq256_sample_000653.png,True,1.0795499086380005,26.622825622558594
latent-diffusion_noise2image_FFHQ/latent-diffusion_noise2img-ffhq256_sample_000654.png,True,3.7053956985473633,37.3609619140625
latent-diffusion_noise2image_FFHQ/latent-diffusion_noise2img-ffhq256_sample_000657.png,True,-4.058957099914551,30.948760986328125
latent-diffusion_noise2image_FFHQ/latent-diffusion_noise2img-ffhq256_sample_000658.png,True,-3.4910974502563477,28.188121795654297
latent-diffusion_noise2image_FFHQ/latent-diffusion_noise2img-ffhq256_sample_000663.png,True,-0.008905410766601562,28.781204223632812
latent-diffusion_noise2image_FFHQ/latent-diffusion_noise2img-ffhq256_sample_000666.png,True,4.217244625091553,25.619495391845703
latent-diffusion_noise2image_FFHQ/latent-diffusion_noise2img-ffhq256_sample_000668.png,True,-2.5419390201568604,35.76001739501953
latent-diffusion_noise2image_FFHQ/latent-diffusion_noise2img-ffhq256_sample_000669.png,True,-1.555005669593811,31.553359985351562
latent-diffusion_noise2image_FFHQ/latent-diffusion_noise2img-ffhq256_sample_000674.png,True,0.486308217048645,31.089176177978516
latent-diffusion_noise2image_FFHQ/latent-diffusion_noise2img-ffhq256_sample_000675.png,True,0.22689157724380493,27.883573532104492
latent-diffusion_noise2image_FFHQ/latent-diffusion_noise2img-ffhq256_sample_000679.png,True,-1.9161866903305054,22.848310470581055
latent-diffusion_noise2image_FFHQ/latent-diffusion_noise2img-ffhq256_sample_000682.png,True,2.2703986167907715,24.28900909423828
latent-diffusion_noise2image_FFHQ/latent-diffusion_noise2img-ffhq256_sample_000685.png,True,-3.774118661880493,32.296932220458984
latent-diffusion_noise2image_FFHQ/latent-diffusion_noise2img-ffhq256_sample_000686.png,True,3.163994073867798,27.915311813354492
latent-diffusion_noise2image_FFHQ/latent-diffusion_noise2img-ffhq256_sample_000687.png,True,-5.351085662841797,30.633373260498047
latent-diffusion_noise2image_FFHQ/latent-diffusion_noise2img-ffhq256_sample_000688.png,True,1.152540683746338,29.647422790527344
latent-diffusion_noise2image_FFHQ/latent-diffusion_noise2img-ffhq256_sample_000689.png,True,0.7426562309265137,35.724403381347656
latent-diffusion_noise2image_FFHQ/latent-diffusion_noise2img-ffhq256_sample_000691.png,True,3.214879274368286,27.31812286376953
latent-diffusion_noise2image_FFHQ/latent-diffusion_noise2img-ffhq256_sample_000692.png,True,1.1511155366897583,29.36777114868164
latent-diffusion_noise2image_FFHQ/latent-diffusion_noise2img-ffhq256_sample_000695.png,True,0.10669130086898804,31.318233489990234
latent-diffusion_noise2image_FFHQ/latent-diffusion_noise2img-ffhq256_sample_000697.png,True,-0.21021521091461182,32.34391784667969
latent-diffusion_noise2image_FFHQ/latent-diffusion_noise2img-ffhq256_sample_000699.png,True,-4.250699996948242,31.544696807861328
latent-diffusion_noise2image_FFHQ/latent-diffusion_noise2img-ffhq256_sample_000700.png,True,-3.2806613445281982,34.67337417602539
latent-diffusion_noise2image_FFHQ/latent-diffusion_noise2img-ffhq256_sample_000701.png,True,2.74410080909729,23.753440856933594
latent-diffusion_noise2image_FFHQ/latent-diffusion_noise2img-ffhq256_sample_000702.png,True,-2.9119925498962402,34.04001998901367
latent-diffusion_noise2image_FFHQ/latent-diffusion_noise2img-ffhq256_sample_000703.png,True,0.5904369354248047,40.060298919677734
latent-diffusion_noise2image_FFHQ/latent-diffusion_noise2img-ffhq256_sample_000707.png,True,4.071656703948975,19.92945671081543
latent-diffusion_noise2image_FFHQ/latent-diffusion_noise2img-ffhq256_sample_000710.png,True,1.608809232711792,32.99195098876953
latent-diffusion_noise2image_FFHQ/latent-diffusion_noise2img-ffhq256_sample_000713.png,True,2.7423720359802246,24.067859649658203
latent-diffusion_noise2image_FFHQ/latent-diffusion_noise2img-ffhq256_sample_000718.png,True,-4.023103713989258,35.80726623535156
latent-diffusion_noise2image_FFHQ/latent-diffusion_noise2img-ffhq256_sample_000719.png,True,-2.66459059715271,29.82291030883789
latent-diffusion_noise2image_FFHQ/latent-diffusion_noise2img-ffhq256_sample_000722.png,True,-1.6272673606872559,28.47771453857422
latent-diffusion_noise2image_FFHQ/latent-diffusion_noise2img-ffhq256_sample_000725.png,True,-4.410833358764648,29.401620864868164
latent-diffusion_noise2image_FFHQ/latent-diffusion_noise2img-ffhq256_sample_000727.png,True,-4.993198394775391,36.58418655395508
latent-diffusion_noise2image_FFHQ/latent-diffusion_noise2img-ffhq256_sample_000732.png,True,-9.006425857543945,35.40021514892578
latent-diffusion_noise2image_FFHQ/latent-diffusion_noise2img-ffhq256_sample_000733.png,True,-4.8823652267456055,27.77597427368164
latent-diffusion_noise2image_FFHQ/latent-diffusion_noise2img-ffhq256_sample_000735.png,True,1.7123414278030396,31.875804901123047
latent-diffusion_noise2image_FFHQ/latent-diffusion_noise2img-ffhq256_sample_000736.png,True,-1.5944507122039795,28.79488182067871
latent-diffusion_noise2image_FFHQ/latent-diffusion_noise2img-ffhq256_sample_000739.png,True,-4.0356364250183105,32.95412826538086
latent-diffusion_noise2image_FFHQ/latent-diffusion_noise2img-ffhq256_sample_000740.png,True,5.728847980499268,29.863025665283203
latent-diffusion_noise2image_FFHQ/latent-diffusion_noise2img-ffhq256_sample_000743.png,True,-2.8801400661468506,37.832054138183594
latent-diffusion_noise2image_FFHQ/latent-diffusion_noise2img-ffhq256_sample_000744.png,True,3.207484483718872,33.99824142456055
latent-diffusion_noise2image_FFHQ/latent-diffusion_noise2img-ffhq256_sample_000746.png,True,0.8688929080963135,33.20783996582031
latent-diffusion_noise2image_FFHQ/latent-diffusion_noise2img-ffhq256_sample_000750.png,True,1.686454176902771,30.076080322265625
latent-diffusion_noise2image_FFHQ/latent-diffusion_noise2img-ffhq256_sample_000751.png,True,-6.082614898681641,36.49773406982422
latent-diffusion_noise2image_FFHQ/latent-diffusion_noise2img-ffhq256_sample_000752.png,True,-3.81040096282959,30.14739227294922
latent-diffusion_noise2image_FFHQ/latent-diffusion_noise2img-ffhq256_sample_000754.png,True,-3.1457679271698,22.831045150756836
latent-diffusion_noise2image_FFHQ/latent-diffusion_noise2img-ffhq256_sample_000755.png,True,2.001119613647461,32.4581298828125
latent-diffusion_noise2image_FFHQ/latent-diffusion_noise2img-ffhq256_sample_000757.png,True,-0.20004025101661682,25.96548843383789
latent-diffusion_noise2image_FFHQ/latent-diffusion_noise2img-ffhq256_sample_000758.png,True,-3.475520133972168,28.280452728271484
latent-diffusion_noise2image_FFHQ/latent-diffusion_noise2img-ffhq256_sample_000759.png,True,0.21356093883514404,25.864152908325195
latent-diffusion_noise2image_FFHQ/latent-diffusion_noise2img-ffhq256_sample_000761.png,True,-0.15814638137817383,34.65583038330078
latent-diffusion_noise2image_FFHQ/latent-diffusion_noise2img-ffhq256_sample_000762.png,True,-2.2718114852905273,24.19941520690918
latent-diffusion_noise2image_FFHQ/latent-diffusion_noise2img-ffhq256_sample_000764.png,True,-4.55118465423584,24.39214515686035
latent-diffusion_noise2image_FFHQ/latent-diffusion_noise2img-ffhq256_sample_000765.png,True,-3.481365442276001,32.028865814208984
latent-diffusion_noise2image_FFHQ/latent-diffusion_noise2img-ffhq256_sample_000767.png,True,-0.6615346074104309,32.720428466796875
latent-diffusion_noise2image_FFHQ/latent-diffusion_noise2img-ffhq256_sample_000768.png,True,0.7315168976783752,23.59142303466797
latent-diffusion_noise2image_FFHQ/latent-diffusion_noise2img-ffhq256_sample_000770.png,True,0.9876145124435425,31.355545043945312
latent-diffusion_noise2image_FFHQ/latent-diffusion_noise2img-ffhq256_sample_000771.png,True,-2.9349863529205322,32.69575881958008
latent-diffusion_noise2image_FFHQ/latent-diffusion_noise2img-ffhq256_sample_000775.png,True,-1.0809861421585083,29.08418846130371
latent-diffusion_noise2image_FFHQ/latent-diffusion_noise2img-ffhq256_sample_000778.png,True,-1.300229787826538,27.80691909790039
latent-diffusion_noise2image_FFHQ/latent-diffusion_noise2img-ffhq256_sample_000780.png,True,-1.217083215713501,35.98659896850586
latent-diffusion_noise2image_FFHQ/latent-diffusion_noise2img-ffhq256_sample_000782.png,True,2.6011576652526855,26.077964782714844
latent-diffusion_noise2image_FFHQ/latent-diffusion_noise2img-ffhq256_sample_000785.png,True,3.0662572383880615,31.406063079833984
latent-diffusion_noise2image_FFHQ/latent-diffusion_noise2img-ffhq256_sample_000786.png,True,-4.075911521911621,31.617238998413086
latent-diffusion_noise2image_FFHQ/latent-diffusion_noise2img-ffhq256_sample_000788.png,True,-0.46867895126342773,30.111309051513672
latent-diffusion_noise2image_FFHQ/latent-diffusion_noise2img-ffhq256_sample_000789.png,True,0.21519264578819275,33.45878601074219
latent-diffusion_noise2image_FFHQ/latent-diffusion_noise2img-ffhq256_sample_000790.png,True,0.6707395315170288,32.00669860839844
latent-diffusion_noise2image_FFHQ/latent-diffusion_noise2img-ffhq256_sample_000792.png,True,2.463697910308838,28.426366806030273
latent-diffusion_noise2image_FFHQ/latent-diffusion_noise2img-ffhq256_sample_000793.png,True,-0.04908740520477295,26.318180084228516
latent-diffusion_noise2image_FFHQ/latent-diffusion_noise2img-ffhq256_sample_000795.png,True,4.017705917358398,29.17546844482422
latent-diffusion_noise2image_FFHQ/latent-diffusion_noise2img-ffhq256_sample_000798.png,True,-3.848756790161133,29.42270278930664
latent-diffusion_noise2image_FFHQ/latent-diffusion_noise2img-ffhq256_sample_000806.png,True,-0.7416557669639587,30.854679107666016
latent-diffusion_noise2image_FFHQ/latent-diffusion_noise2img-ffhq256_sample_000807.png,True,1.3550153970718384,27.35301971435547
latent-diffusion_noise2image_FFHQ/latent-diffusion_noise2img-ffhq256_sample_000808.png,True,0.8732365369796753,22.130401611328125
latent-diffusion_noise2image_FFHQ/latent-diffusion_noise2img-ffhq256_sample_000810.png,True,-5.35582971572876,31.022216796875
latent-diffusion_noise2image_FFHQ/latent-diffusion_noise2img-ffhq256_sample_000812.png,True,-1.9822964668273926,29.427387237548828
latent-diffusion_noise2image_FFHQ/latent-diffusion_noise2img-ffhq256_sample_000818.png,True,2.304239511489868,24.817691802978516
latent-diffusion_noise2image_FFHQ/latent-diffusion_noise2img-ffhq256_sample_000819.png,True,-6.717746257781982,30.824310302734375
latent-diffusion_noise2image_FFHQ/latent-diffusion_noise2img-ffhq256_sample_000820.png,True,-6.438619613647461,26.334604263305664
latent-diffusion_noise2image_FFHQ/latent-diffusion_noise2img-ffhq256_sample_000824.png,True,-3.6625380516052246,25.815963745117188
latent-diffusion_noise2image_FFHQ/latent-diffusion_noise2img-ffhq256_sample_000825.png,True,-5.498020172119141,31.05348777770996
latent-diffusion_noise2image_FFHQ/latent-diffusion_noise2img-ffhq256_sample_000827.png,True,-0.7914812564849854,27.440372467041016
latent-diffusion_noise2image_FFHQ/latent-diffusion_noise2img-ffhq256_sample_000828.png,True,-4.869973182678223,30.229164123535156
latent-diffusion_noise2image_FFHQ/latent-diffusion_noise2img-ffhq256_sample_000829.png,True,3.375089645385742,28.083560943603516
latent-diffusion_noise2image_FFHQ/latent-diffusion_noise2img-ffhq256_sample_000830.png,True,-1.3932559490203857,33.83500671386719
latent-diffusion_noise2image_FFHQ/latent-diffusion_noise2img-ffhq256_sample_000831.png,True,-4.722033977508545,27.938457489013672
latent-diffusion_noise2image_FFHQ/latent-diffusion_noise2img-ffhq256_sample_000832.png,True,3.9618494510650635,27.262920379638672
latent-diffusion_noise2image_FFHQ/latent-diffusion_noise2img-ffhq256_sample_000835.png,True,-1.8046000003814697,28.721994400024414
latent-diffusion_noise2image_FFHQ/latent-diffusion_noise2img-ffhq256_sample_000838.png,True,-0.6086666584014893,27.146465301513672
latent-diffusion_noise2image_FFHQ/latent-diffusion_noise2img-ffhq256_sample_000839.png,True,-5.635345458984375,27.5031795501709
latent-diffusion_noise2image_FFHQ/latent-diffusion_noise2img-ffhq256_sample_000841.png,True,0.2236889898777008,35.093475341796875
latent-diffusion_noise2image_FFHQ/latent-diffusion_noise2img-ffhq256_sample_000843.png,True,-0.5473787784576416,24.661991119384766
latent-diffusion_noise2image_FFHQ/latent-diffusion_noise2img-ffhq256_sample_000844.png,True,-7.647546291351318,35.89677429199219
latent-diffusion_noise2image_FFHQ/latent-diffusion_noise2img-ffhq256_sample_000848.png,True,-3.3878703117370605,36.195831298828125
latent-diffusion_noise2image_FFHQ/latent-diffusion_noise2img-ffhq256_sample_000849.png,True,-0.16583216190338135,33.071693420410156
latent-diffusion_noise2image_FFHQ/latent-diffusion_noise2img-ffhq256_sample_000850.png,True,2.743626117706299,33.22819137573242
latent-diffusion_noise2image_FFHQ/latent-diffusion_noise2img-ffhq256_sample_000851.png,True,2.069237470626831,28.05516815185547
latent-diffusion_noise2image_FFHQ/latent-diffusion_noise2img-ffhq256_sample_000855.png,True,-0.4656696915626526,21.173648834228516
latent-diffusion_noise2image_FFHQ/latent-diffusion_noise2img-ffhq256_sample_000857.png,True,-0.8482057452201843,36.95423126220703
latent-diffusion_noise2image_FFHQ/latent-diffusion_noise2img-ffhq256_sample_000860.png,True,1.0668816566467285,34.98406982421875
latent-diffusion_noise2image_FFHQ/latent-diffusion_noise2img-ffhq256_sample_000861.png,True,-1.8085278272628784,31.011465072631836
latent-diffusion_noise2image_FFHQ/latent-diffusion_noise2img-ffhq256_sample_000867.png,True,-1.5229860544204712,29.764514923095703
latent-diffusion_noise2image_FFHQ/latent-diffusion_noise2img-ffhq256_sample_000870.png,True,-2.1665213108062744,24.1103458404541
latent-diffusion_noise2image_FFHQ/latent-diffusion_noise2img-ffhq256_sample_000871.png,True,-1.5693080425262451,34.52757263183594
latent-diffusion_noise2image_FFHQ/latent-diffusion_noise2img-ffhq256_sample_000872.png,True,-1.739235281944275,31.223037719726562
latent-diffusion_noise2image_FFHQ/latent-diffusion_noise2img-ffhq256_sample_000875.png,True,0.6752831935882568,28.866050720214844
latent-diffusion_noise2image_FFHQ/latent-diffusion_noise2img-ffhq256_sample_000876.png,True,-0.7983580231666565,26.37392234802246
latent-diffusion_noise2image_FFHQ/latent-diffusion_noise2img-ffhq256_sample_000879.png,True,-4.427290916442871,31.637287139892578
latent-diffusion_noise2image_FFHQ/latent-diffusion_noise2img-ffhq256_sample_000882.png,True,-7.216522216796875,28.184598922729492
latent-diffusion_noise2image_FFHQ/latent-diffusion_noise2img-ffhq256_sample_000884.png,True,-3.2267303466796875,21.119585037231445
latent-diffusion_noise2image_FFHQ/latent-diffusion_noise2img-ffhq256_sample_000885.png,True,-3.0145082473754883,33.22295379638672
latent-diffusion_noise2image_FFHQ/latent-diffusion_noise2img-ffhq256_sample_000888.png,True,-0.776330828666687,22.689537048339844
latent-diffusion_noise2image_FFHQ/latent-diffusion_noise2img-ffhq256_sample_000890.png,True,-1.5483466386795044,29.005786895751953
latent-diffusion_noise2image_FFHQ/latent-diffusion_noise2img-ffhq256_sample_000891.png,True,-3.858248472213745,28.922075271606445
latent-diffusion_noise2image_FFHQ/latent-diffusion_noise2img-ffhq256_sample_000892.png,True,-0.38896000385284424,35.163936614990234
latent-diffusion_noise2image_FFHQ/latent-diffusion_noise2img-ffhq256_sample_000895.png,True,-1.7660304307937622,30.603330612182617
latent-diffusion_noise2image_FFHQ/latent-diffusion_noise2img-ffhq256_sample_000897.png,True,-2.2173643112182617,31.36969566345215
latent-diffusion_noise2image_FFHQ/latent-diffusion_noise2img-ffhq256_sample_000901.png,True,-0.1725611388683319,37.01066207885742
latent-diffusion_noise2image_FFHQ/latent-diffusion_noise2img-ffhq256_sample_000902.png,True,2.64482045173645,27.9407958984375
latent-diffusion_noise2image_FFHQ/latent-diffusion_noise2img-ffhq256_sample_000904.png,True,-5.495214939117432,31.412944793701172
latent-diffusion_noise2image_FFHQ/latent-diffusion_noise2img-ffhq256_sample_000906.png,True,-4.577606201171875,28.310909271240234
latent-diffusion_noise2image_FFHQ/latent-diffusion_noise2img-ffhq256_sample_000908.png,True,-0.18011200428009033,32.26366424560547
latent-diffusion_noise2image_FFHQ/latent-diffusion_noise2img-ffhq256_sample_000911.png,True,-0.7270210981369019,27.436397552490234
latent-diffusion_noise2image_FFHQ/latent-diffusion_noise2img-ffhq256_sample_000913.png,True,0.0937652587890625,34.1676025390625
latent-diffusion_noise2image_FFHQ/latent-diffusion_noise2img-ffhq256_sample_000918.png,True,-4.9917755126953125,25.2376708984375
latent-diffusion_noise2image_FFHQ/latent-diffusion_noise2img-ffhq256_sample_000919.png,True,-3.1740024089813232,35.509765625
latent-diffusion_noise2image_FFHQ/latent-diffusion_noise2img-ffhq256_sample_000920.png,True,-4.980279922485352,27.879270553588867
latent-diffusion_noise2image_FFHQ/latent-diffusion_noise2img-ffhq256_sample_000921.png,True,-0.46260130405426025,28.34832000732422
latent-diffusion_noise2image_FFHQ/latent-diffusion_noise2img-ffhq256_sample_000922.png,True,1.0987422466278076,27.95250701904297
latent-diffusion_noise2image_FFHQ/latent-diffusion_noise2img-ffhq256_sample_000926.png,True,-1.3381692171096802,33.84431838989258
latent-diffusion_noise2image_FFHQ/latent-diffusion_noise2img-ffhq256_sample_000927.png,True,-2.428370714187622,23.641971588134766
latent-diffusion_noise2image_FFHQ/latent-diffusion_noise2img-ffhq256_sample_000929.png,True,-5.753150463104248,35.54241943359375
latent-diffusion_noise2image_FFHQ/latent-diffusion_noise2img-ffhq256_sample_000930.png,True,0.30863156914711,27.92051887512207
latent-diffusion_noise2image_FFHQ/latent-diffusion_noise2img-ffhq256_sample_000931.png,True,-4.005664348602295,24.212934494018555
latent-diffusion_noise2image_FFHQ/latent-diffusion_noise2img-ffhq256_sample_000935.png,True,2.4163036346435547,21.802509307861328
latent-diffusion_noise2image_FFHQ/latent-diffusion_noise2img-ffhq256_sample_000936.png,True,-0.5790970325469971,34.93360137939453
latent-diffusion_noise2image_FFHQ/latent-diffusion_noise2img-ffhq256_sample_000939.png,True,-2.414151430130005,30.829444885253906
latent-diffusion_noise2image_FFHQ/latent-diffusion_noise2img-ffhq256_sample_000940.png,True,-5.297406196594238,23.484275817871094
latent-diffusion_noise2image_FFHQ/latent-diffusion_noise2img-ffhq256_sample_000944.png,True,0.6313798427581787,25.073707580566406
latent-diffusion_noise2image_FFHQ/latent-diffusion_noise2img-ffhq256_sample_000945.png,True,-1.9397330284118652,26.255895614624023
latent-diffusion_noise2image_FFHQ/latent-diffusion_noise2img-ffhq256_sample_000947.png,True,-5.718461990356445,30.770429611206055
latent-diffusion_noise2image_FFHQ/latent-diffusion_noise2img-ffhq256_sample_000949.png,True,3.420959234237671,27.37790870666504
latent-diffusion_noise2image_FFHQ/latent-diffusion_noise2img-ffhq256_sample_000951.png,True,-4.151712894439697,28.68526268005371
latent-diffusion_noise2image_FFHQ/latent-diffusion_noise2img-ffhq256_sample_000953.png,True,-1.696707010269165,32.852516174316406
latent-diffusion_noise2image_FFHQ/latent-diffusion_noise2img-ffhq256_sample_000954.png,True,-1.2193164825439453,28.90484619140625
latent-diffusion_noise2image_FFHQ/latent-diffusion_noise2img-ffhq256_sample_000957.png,True,1.756584882736206,25.89110565185547
latent-diffusion_noise2image_FFHQ/latent-diffusion_noise2img-ffhq256_sample_000959.png,True,1.7018234729766846,27.15209197998047
latent-diffusion_noise2image_FFHQ/latent-diffusion_noise2img-ffhq256_sample_000960.png,True,8.251523971557617,33.69856643676758
latent-diffusion_noise2image_FFHQ/latent-diffusion_noise2img-ffhq256_sample_000964.png,True,-1.991304874420166,33.936248779296875
latent-diffusion_noise2image_FFHQ/latent-diffusion_noise2img-ffhq256_sample_000969.png,True,-1.9072723388671875,28.35116195678711
latent-diffusion_noise2image_FFHQ/latent-diffusion_noise2img-ffhq256_sample_000970.png,True,2.8724117279052734,32.165565490722656
latent-diffusion_noise2image_FFHQ/latent-diffusion_noise2img-ffhq256_sample_000971.png,True,3.1430063247680664,33.23573303222656
latent-diffusion_noise2image_FFHQ/latent-diffusion_noise2img-ffhq256_sample_000973.png,True,-6.7672905921936035,27.979764938354492
latent-diffusion_noise2image_FFHQ/latent-diffusion_noise2img-ffhq256_sample_000974.png,True,2.4497251510620117,31.334606170654297
latent-diffusion_noise2image_FFHQ/latent-diffusion_noise2img-ffhq256_sample_000975.png,True,-2.373748302459717,23.698074340820312
latent-diffusion_noise2image_FFHQ/latent-diffusion_noise2img-ffhq256_sample_000976.png,True,-0.41359591484069824,32.506954193115234
latent-diffusion_noise2image_FFHQ/latent-diffusion_noise2img-ffhq256_sample_000977.png,True,0.03754627704620361,22.59270477294922
latent-diffusion_noise2image_FFHQ/latent-diffusion_noise2img-ffhq256_sample_000978.png,True,-6.852542877197266,35.06654357910156
latent-diffusion_noise2image_FFHQ/latent-diffusion_noise2img-ffhq256_sample_000980.png,True,2.9226367473602295,23.48880958557129
latent-diffusion_noise2image_FFHQ/latent-diffusion_noise2img-ffhq256_sample_000981.png,True,-3.474512815475464,31.19507598876953
latent-diffusion_noise2image_FFHQ/latent-diffusion_noise2img-ffhq256_sample_000984.png,True,-0.6417053937911987,26.501136779785156
latent-diffusion_noise2image_FFHQ/latent-diffusion_noise2img-ffhq256_sample_000985.png,True,-1.1895496845245361,31.1593017578125
latent-diffusion_noise2image_FFHQ/latent-diffusion_noise2img-ffhq256_sample_000989.png,True,2.0555644035339355,30.096529006958008
latent-diffusion_noise2image_FFHQ/latent-diffusion_noise2img-ffhq256_sample_000993.png,True,-0.8151906728744507,32.247802734375
latent-diffusion_noise2image_FFHQ/latent-diffusion_noise2img-ffhq256_sample_000994.png,True,-5.063155174255371,25.974910736083984
latent-diffusion_noise2image_FFHQ/latent-diffusion_noise2img-ffhq256_sample_000995.png,True,1.6947877407073975,22.349632263183594
latent-diffusion_noise2image_FFHQ/latent-diffusion_noise2img-ffhq256_sample_000996.png,True,2.0657224655151367,33.610599517822266
